{
    "ePro": [
        [
            "ApkCusT0m_K3y",
            "d3V-3Pr0-T34M",
            "d3V-3Pr0-T3@M",
            "d3V:3Pr0@T3@M",
            "d3V:3Pr0:T3@M",
            "d3V:3Pr0-T3@M",
            "d3V^3Pr0-T3@M",
            "d3V(3Pr0-T3@M",
            "d3V(3Pr0)T3@M",
            "d3V-3Pr0_T3@M",
            "d3V-ePr0_T3@M",
            "d3V-ePr0_t3@M",
            "d3v-ePr0_t3@M",
            "d3v-ePr0-t34M",
            "d3v_ePr0_t34M",
            "d3v_ePr0_t3aM",
            "d3v_ePr0_t3am",
            "d3v_ePr0_bl4th",
            "no1_ePr0_bl4th",
            "keY_secReaT_hc_reborn",
            "keY_secReaT_hc_reborn1",
            "keY_secReaT_hc_reborn2",
            "keY_secReaT_hc_reborn3",
            "keY_secReaT_hc_reborn4",
            "keY_secReaT_hc_reborn5",
            "keY_secReaT_hc_reborn6",
            "keY_secReaT_hc",
            "keY_secReaT_hc1",
            "keY_secReaT_hc2",
            "keY_secReaT_hc_2",
            "hc_reborn7",
            "hc_reborn8",
            "hc_reborn9",
            "hc_reborn10",
            "keY_secReaT_te4",
            "keY_secReaT_te4Z",
            "keY_secReaT_te4Z9",
            "keY_secReaT_te4Z10",
            "keY_secReaT_te4Z11",
            "keY_secReaT_te54",
            "s3cr3T_k3Y_ePro",
            "s3cr3T_k3Y_ePr0_3NcRypT",
            "s3cr3T_k3y_ePr0_3NcRypT",
            "keY_secReaT_e",
            "keY_secReaT_ePr0",
            "keY_secReaT_ePr1",
            "keY_secReaT_ePr2",
            "keY_secReaT_ePr3",
            "keY_secReaT_ePr4",
            "hc_reborn_1",
            "hc_reborn_2",
            "hc_reborn_3",
            "hc_reborn_4",
            "hc_reborn_5",
            "hc_reborn_6",
            "hc_reborn_7",
            "hc_reborn_8",
            "hc_reborn_9",
            "hc_reborn_10",
            "hc_reborn___7",
            "hc_reborn_tester",
            "hc_reborn_tester_1",
            "hc_reborn_tester_2",
            "hc_reborn_tester_3",
            "hc_reborn_tester_4",
            "hc_reborn_tester_5",
            "hc_reborn_tester_6",
            "hc_reborn_tester_7",
            "hc_reborn_tester_8",
            "hc_reborn_tester_9",
            "hc_reborn_for_you",
            "hc_easypro_7",
            "hc35_easypro_8",
            "hc37_easypro@2020",
            "hc38_345yPr0@2020"
        ],
        [
            "HTTP_Custom_v233_hc_easypro_7",
            "HTTP_Custom_v233_hc35_easypro_8"
        ]
    ],
    "slipk": [
        "dyv35182!",
        "dyv35",
        "fubux788b46v",
        "dyv35224nossas!!",
        "fubgf777gf6",
        "fubvx788b46v",
        "Nossas escolhas, apenas nossas!!",
        "com.iephdevs.androidjc",
        "fubvx788b46vcatsn",
        "fubvx788B4mev",
        "$$$@mfube11!!_$$))012b4u",
        "xcode788b46z",
        "trfre699g79r",
        "testlangto",
        "(~::~)!!!@@@9",
        "cinbdf665$4",
        "cinbdf66",
        "bKps&92&*@",
        "bKs&92&*@",
        "keyImportedFile",
        "keyConfigLock",
        "62756C6F6B",
        "icodeph561995",
        "netfreemexico2022@",
        "Y250",
        "RWQB",
        "cnt",
        "custom_public_key",
        "ey3crwuHz88",
        "bKps&92&",
        "cigfhfghdf665557",
        "acecustom",
        "'@$))[]{}¥~`|`\u2122",
        "268584044127",
        "kt",
        "4668232023aca80ffd509647f6e69bf0",
        "88f221e2f81f7d7cd9ffeb87a0b43596",
        "172c0dfa020ac7b5114ce311722e3288",
        "956a1ae82c382ae150d89d0cf60f9ec2",
        "409f86b7b9062e8de151e20e1e617c41",
        "thirdy19",
        "Dig@lvpn~•`...€£|",
        "tunnelspeed~\u2022`...\u20ac£|",
        "l8aGZRkdhkGetDYs",
        "thirdy1996624",
        "GOST3411",
        "¯¢k÷©»oéKri",
        "Ay'iøMcÍôàØâ",
        "'@$))[]{}¥~`|`™",
        "W0RFRkFVTFRd",
        "fuMnrztkzbQ",
        "Version6",
        "furious0982",
        "A^ST^f6ASG6AS5asd",
        "fubgf777gf6",
        "ᶠᵘˡˡˢᵒᶜᵏˢ",
        "chanika acid, gimsara htpcag!!",
        "175exe867948e37wb9d057d4k45604l0",
        "175exe868648e37wb9x157d4l45604l0",
        "162exe235948e37ws6d057d9d85324e2",
        "962exe865948e37ws6d057d4d85604e0",
        "662ede816988e58fb6d057d9d85605e0"
    ],
    "tls": [
        "VCTCp8KqOl7CumzMicS4w77ihpPFi8Wn4oCdw6bCtHM="
    ],
    "nm": [
        "X25ldHN5bmFfbmV0bW9kXw=="
    ],
    "hat": [
        "zbNkuNCGSLivpEuep3BcNA=="
    ],
    "sip": [
        "GS4ECAgEBAkFWSlZOF9UFw==",
        "###########D3#FxV",
        "YSx50OfNqoOayWin1koDGQ==",
        "IyMjIyMjIyMjIyNEMyNGeFY"
    ],
    "aot": [
        "zbNkuNCGSLivpEuep3BcNA==",
        "Create_854366888",
        "yviOx9LfMUbggtv8if8UMA==",
        "Js09DrhnszTmIZeCGM6fxg=="
    ],
    "evozi": [
        [
            "fhIQ96q5VvemaL2m5X/t23+ErYQK740nsblplZvjq2w=",
            "Rnjg9Slfyas+na8yGwiXx40EXr+VIZUUz+9XD0koGBE=",
            "bu++tUDvv4/vv4jvvqbvvqfvvqpK776LM1Ib776gUO+/v+++kgc=",
            "MiUQFV2nMl1kTKbmt9+LgO0gww7ZMuzLn+fisEz4+KQ="
        ],
        [
            "c9zx/b+CUJBk4ACkHUlMAQ==",
            "5ZS2PPTBHYEKTKrx+XByA==",
            "Igeltafe0t7U6xfOkcmCZg=="
        ],
        [
            "CFHSIHTTPINISSCF",
            "V5HSIHTTPINISS20",
            "V5HSIHTTPINISS21",
            "SBHSIHTTPINISSLS",
            "OBHSIHTTPINIOCTO",
            "AYJZIHTTPINIECKC",
            "SBHSIHTTPINILITE"
        ]
    ],
    "npv2": [
        "@))$@)))0.6931471805599453",
        "&%$#()@&MnYp4s6v9y/#)&)dhjk+HjqRaH",
        "*G-KaXdSgMQUi9s6v9y/B?E(H+MbHxTh"
    ],
    "vhdd": [
        [
            "vhhEncryptionKey",
            "aesEncryptionKey"
        ],
        [
            "vhhV2RayInt36489",
            "encryptionIntVec"
        ]
    ],
    "vhd": [
        [
            "vmmEncryptionKey"
        ],
        [
            "vmmV2RayInt36489"
        ]
    ]
}