{
    "invalidFile": "Inexistent file path/name, aborting...",
    "decryptionFailed": "Decryption failed, incompatible encryption method or algorithm.",
    "payload": "[Payload] : ",
    "Payload": "[Payload] : ",
    "proxyURL": "[Proxy Address] : ",
    "blockedRoot": "[Locked for root devices] : ",
    "lockPayloadAndServers": "[Lock Payload and Server] : ",
    "enableExpire": "[Enable Expiration] : ",
    "expireDate": "[Expiration Date] : ",
    "containsNotes": "[File has notes] : ",
    "note1": "[Note field 1] : ",
    "note2": "[Note field 2] : ",
    "sshAddr": "[SSH Address] : ",
    "mobileData": "[Locked for mobile data only] : ",
    "unlockProxy": "[Unlock proxy field] : ",
    "unlockProxyCredentials": "[Unlock proxy credentials] : ",
    "openVPNConfig": "[OpenVPN Configuration File] : ",
    "VPNAddr": "[VPN Address] : ",
    "sniValue": "[SSL/SNI] : ",
    "unlockSni": "[Unlock SNI] : ",
    "connectSSH": "[Connect using SSH] : ",
    "udpgwPort": "[UDPGW Port/Host:Port] : ",
    "lockPayload": "[Lock Payload] : ",
    "hwidEnabled": "[Locked with HWID] : ",
    "hwidValue": "[HWID] : ",
    "unlockUserAndPassword": "[Unlock user and password fields] : ",
    "sslPayloadMode": "[SSL/Payload mode] : ",
    "passwordProtected": "[Password protected] : ",
    "passwordValue": "[Password] : ",
    "blockTorrent": "[Torrent Lock] : ",
    "dnsForward": "[Forward DNS Requests] : ",
    "primaryDNS": "[Primary DNS Address] : ",
    "secondaryDNS": "[Secondary DNS Address] : ",
    "sslProtocol": "[SSL Protocol] : ",
    "sshServer": "[SSH Server Address] : ",
    "sshPort": "[SSH Port] : ",
    "sshUser": "[SSH Username] : ",
    "sshPassword": "[SSH Password] : ",
    "publicSSHKey": "[SSH Public Key] : ",
    "customPayload": "[Use Custom Payload] : ",
    "useProxyAuth": "[Use proxy authentication] : ",
    "proxyAddress": "[Proxy Server Address] : ",
    "proxyPort": "[Proxy Port] : ",
    "proxyUser": "[Proxy Username] : ",
    "proxyPassword": "[Proxy Password] : ",
    "localSSHPort": "[Local SSH Port] : ",
    "tunnelType": "[Tunnel Type] : ",
    "appVersion": "[Target app version",
    "udpForward": "[Forward UDP Requests] : ",
    "googlePlay": "[Locked for only Google Play installations] : ",
    "bitviseProfileName": "[BitVise Profile Name] : ",
    "extraProtection": "[Extra Protection] : ",
    "autoReplace": "[Auto Replace Response] : ",
    "route": "[Route Connection (root)] : ",
    "useTun2Socks": "[Use Tun2Socks] : ",
    "useDNS": "[Use DNS] : ",
    "batterySaver": "[Enable Battery Saver] : ",
    "showLog": "[Show log automatically] : ",
    "directSSH": "[Connect to SSH in direct mode] : ",
    "autoReconnect": "[Auto Reconnect] : ",
    "enableCustomDNS": "[Enable Custom DNS] : ",
    "enableHTTPProxy": "[Enable HTTP Proxy] : ",
    "httpProxy": "[HTTP Proxy] : ",
    "build": "[Config Version/Build] : ",
    "connectionMethod": "[Connection Method] : ",
    "credits": "[Module credits] : ",
    "hostHeader": "[Custom Host] : ",
    "antiSniff": "[Anti-Sniff Protection] : ",
    "cryptedPasswordValueMD5": "[Password (MD5)] : ",
    "cryptedHwidValueMD5": "[HWID (MD5)] : ",
    "serverPort": "[Server Port] : ",
    "usePayload": "[Use Payload] : ",
    "publicKey": "[SSH Public Key] : ",
    "created": "[Creation date] : ",
    "routes": "[Custom VPN Routes] : ",
    "excludedRoutes": "[Excluded VPN Routes] : ",
    "ownerHWID": "[Owner HWID] : ",
    "remarks": "[Remarks] : ",
    "shadowsocksHost": "[Shadowsocks Host] : ",
    "shadowsocksPort": "[Shadowsocks Port] : ",
    "shadowsocksEncryptionMethod": "[Shadowsocks Encryption Method] : ",
    "shadowsocksPassword": "[Shadowsocks Password] : ",
    "shadowsocksMux": "[Shadowsocks Enable Mux] : ",
    "socksAddress": "[Socks Address] : ",
    "socksPort": "[Socks Port] : ",
    "socksUsername": "[Socks Username] : ",
    "socksPassword": "[Socks Password] : ",
    "socksMux": "[Socks Enable Mux] : ",
    "trojanAddress": "[Trojan Host] : ",
    "trojanPort": "[Trojan Port] : ",
    "trojanPass": "[Trojan Password] : ",
    "trojanSNI": "[Trojan SSL/SNI] : ",
    "trojanVerifySSL": "[Verify Trojan SSL Certificate] : ",
    "V2RayHost": "[V2Ray Host] : ",
    "V2RayPort": "[V2Ray Port] : ",
    "V2RayUserId": "[V2Ray UserID] : ",
    "V2RayAlterId": "[V2Ray AlterId] : ",
    "V2RayTLS": "[V2Ray SSL/SNI] : ",
    "V2RayTLSInsecure": "[V2Ray Allow Insecure SSL] : ",
    "V2RayNetwork": "[V2Ray Network Type] : ",
    "V2RayProtocol": "[V2Ray Protocol] : ",
    "V2RayPass": "[V2Ray Password] : ",
    "V2RayWSPath": "[V2Ray WebSocket Path] : ",
    "V2RayWSHost": "[V2Ray WebSocket Hostname] : ",
    "V2RaySecurity": "[V2Ray Security Protocol] : ",
    "V2RayQUICSec": "[V2Ray QUIC Security Protocol] : ",
    "V2RayQUICKey": "[V2Ray QUIC Key] : ",
    "V2RayHeader": "[V2Ray Header Type] : ",
    "V2RayEncryption": "[V2Ray Encryption] : ",
    "V2RayMux": "[V2Ray Enable Mux] : ",
    "V2RayRAW": "[V2Ray RAW JSON] : ",
    "V2RayURL": "[V2Ray URL] : ",
    "V2RayHeaders": "[V2Ray Headers] : ",
    "V2RayMuxConcurrency": "[V2Ray Mux Concurrency] : ",
    "blockTerminal": "[Block Terminal Apps] : ",
    "gamingMode": "[Gaming Mode] : ",
    "tlsPredefPort": "[Pre-defined Port] : ",
    "tlsDnsConnectionType": "[DNS Connection Type] : ",
    "tlsDnsServer": "[DNS Server Address] : ",
    "tlsDnsDomain": "[DNS Requested Domain] : ",
    "tlsDnsPublicKey": "[DNS Public Key] : ",
    "aotRealmHost": "[Use realm host] : ",
    "aotRealmHostValue": "[Realm Host] : ",
    "aotOverrideHost": "[Override Host] : ",
    "aotPrimaryHost": "[Primary host address] : ",
    "aotNode": "[Server Node/Country] : ",
    "aotBaseTunnel": "[Base Tunnel] : ",
    "aotServerGroup": "[Server Group Host] : ",
    "aotUseHostAsProxy": "[Use server host as proxy] : ",
    "aotServerPort": "[Server Port] : ",
    "unknown":"[Unknown field] : ",
    "dev": "[Dev] : ",
    "snilocked": "[SNI Locked] : ",
    "payloadlocked": "[Payload Locked] : ",
    "rrlocked": "[RR Locked] : ",
    "rrmode": "[RR Mode!] : ",
    "useproxyy": "[Use Proxy] : ",
    "usesshh": "[Use SSH] : ",
    "usesnii": "[Use SNI] : ",
    "preventtwifi": "[Prevent Wifi] : ",
    "expireee": "[Expiration Date] : ",
    "hardwareidd": "[HardWareID] : ",
    "proooxyhost": "[Proxy Host] : ",
    "configtypeew": "[Config Type] : ",
    "vpndnsforward": "[VPN DNS Forwarding] : ",
    "dnsprimaryhost": "[DNS Primary Host] : ",
    "customresolver": "[Custom Resolver] : ",
    "cUUID": "[Hardware ID] : ",
    "dnsForward!?": "[Use DNS Forward] : ",
    "sshPortLocall": "[SSH Local Port] : ",
    "hbhbshd": "[Expiration Date] : ",
    "dnspu": "[Public Key] : ",
    "dnsst": "[DNS] : ",
    "dnsnameserver": "[DNS NameServer] : ",
    "tunnelType": "[TunnelType] : ",
    "sshPortLocal": "[SSH Local Port] : ",
    "proxyuser": "[Proxy User] : ",
    "proxypass": "[Proxy Password] : ",
    "proxyRemotePort": "[Remote Proxy Port] : ",
    "sslHost": "[SSL Host] : ",
    "111": "[SSL 111] : ",
    "222": "[SSL 222] : ",
    "333": "[SSL 333] : ",
    "customSNI": "[Custom SNI] : ",
    "sshPortaLocal": "[SSH Local Port] : ",
    "dnsKey": "[DNS] : ",
    "chaveKey": "[Public Key] : ",
    "serverNameKey": "[Server Name] : ",
    "DNS1": "[DNS Resolver 1] : ",
    "DNS2": "[DNS Resolver 2] : ",
    "allowedHWID": "[HWID] : ",
    "blockRoot": "[Block Root] : "
    
    
}